,country,population,np_analyzed,total_news,ratio_per_M
0,usa,327.2,19,849,0.13656543559387466
1,spain,46.72,23,2093,1.9477739726027399
2,turkey,79.81,6,314,0.6557240111932506
3,uk,66.04,17,238,0.21199273167777102
4,france,66.99,16,459,0.4282355575459024
5,canada,37.06,20,685,0.9241770102536427
