location,ht_refugee_total_count,population,ratio_per_M
turkey,71,79.81,0.8896128304723718
new york,6,8.623,0.6958135219761105
washington,5,7.536,0.6634819532908706
canada,11,37.06,0.2968159740960604
united kingdom,19,66.04,0.28770442156268927
